Category,Objective,Task Name,Start Date,End Date,Progress,Status,Priority,Owner,Description
Technical,W3C DID:Key Standards,DID:Key Implementation,2024-10-01,2025-03-31,95,Active,High,Engineering Team,Implement W3C DID:Key standards for quantum-resistant authentication
Technical,W3C DID:Key Standards,Authentication Flow,2024-10-01,2024-12-15,100,Completed,High,Engineering Team,Complete authentication flow implementation
Technical,W3C DID:Key Standards,Standards Testing,2025-01-01,2025-02-28,80,Active,Medium,QA Team,Comprehensive testing against W3C standards
Technical,Zero Infrastructure Dependencies,Dependency Removal,2024-11-01,2025-02-15,90,Active,High,DevOps Team,Remove all external infrastructure dependencies
Technical,Zero Infrastructure Dependencies,Performance Optimization,2025-01-15,2025-03-15,70,Active,Medium,Engineering Team,Optimize performance for zero-dependency architecture
Technical,Cross-Platform Compatibility,Browser Compatibility,2024-12-01,2025-03-01,80,Active,High,Frontend Team,Ensure compatibility across all major browsers
Technical,Cross-Platform Compatibility,Mobile Integration,2025-02-01,2025-04-15,30,Planned,Medium,Mobile Team,Integrate mobile platform support
Technical,ESP32 Development,ESP32 Firmware,2025-04-01,2025-12-31,15,Planned,High,Hardware Team,Develop ESP32 firmware for MELD nodes
Research,Academic Project Adoption,Project Outreach,2024-12-01,2025-06-30,30,Active,High,Research Team,Outreach to academic institutions for project adoption
Research,Academic Project Adoption,University Partnerships,2025-01-01,2025-04-30,45,Active,Medium,Research Team,Establish partnerships with universities
Research,Academic Project Adoption,Research Integration,2025-02-01,2025-05-31,20,Active,Medium,Research Team,Integrate KairOS into research projects
Research,Research Publications,Privacy Auth Paper,2024-11-01,2025-01-15,100,Completed,High,Research Team,Publish paper on privacy-preserving authentication
Research,Research Publications,DID Standards Paper,2025-01-01,2025-04-30,60,Active,High,Research Team,Publish paper on DID:Key standards implementation
Research,Research Publications,Conference Submissions,2025-03-01,2025-06-30,10,Planned,Medium,Research Team,Submit papers to academic conferences
Research,Educational Integration,Curriculum Development,2025-01-15,2025-05-15,40,Active,Medium,Education Team,Develop curriculum for educational institutions
Research,Educational Integration,Workshop Series,2025-02-15,2025-07-15,25,Active,Low,Education Team,Conduct workshop series on decentralized identity
Community,Community Deployments,Community Pilot 1,2025-01-01,2025-03-31,35,Active,High,Community Team,Deploy first community pilot project
Community,Community Deployments,Community Pilot 2,2025-03-01,2025-06-30,0,Planned,Medium,Community Team,Deploy second community pilot project
Community,Community Deployments,Enterprise Deployment,2025-06-01,2025-09-30,0,Planned,High,Enterprise Team,Deploy enterprise-grade solution
Community,User Base Growth,Onboarding System,2025-01-15,2025-04-15,50,Active,High,UX Team,Develop user onboarding system
Community,User Base Growth,User Experience,2025-02-01,2025-05-31,30,Active,Medium,UX Team,Improve overall user experience
Community,User Base Growth,Community Support,2025-03-01,2025-09-30,15,Active,Medium,Community Team,Establish community support channels
Community,Governance Protocol,Protocol Development,2025-02-01,2025-07-31,40,Active,High,Governance Team,Develop community governance protocols
Community,Governance Protocol,Community Guidelines,2025-04-01,2025-08-31,10,Planned,Medium,Governance Team,Establish community guidelines and standards
Hardware,ESP32 Development,Firmware Core,2025-04-01,2025-08-31,60,Active,High,Hardware Team,Develop core ESP32 firmware functionality
Hardware,ESP32 Development,NFC Integration,2025-06-01,2025-10-31,20,Active,High,Hardware Team,Integrate NFC functionality into ESP32 firmware
Hardware,ESP32 Development,Testing & Validation,2025-09-01,2025-12-31,0,Planned,Medium,QA Team,Test and validate ESP32 firmware
Hardware,MELD Network,Network Design,2025-04-01,2025-07-31,55,Active,High,Network Team,Design MELD network architecture
Hardware,MELD Network,Node Deployment,2025-08-01,2025-11-30,10,Planned,High,DevOps Team,Deploy MELD network nodes
Hardware,MELD Network,Performance Testing,2025-10-01,2025-12-31,0,Planned,Medium,QA Team,Test MELD network performance
Hardware,Manufacturing,Pendant Prototyping,2025-04-01,2025-09-30,25,Active,Medium,Hardware Team,Prototype NFC pendant devices
Hardware,Manufacturing,Production Setup,2025-09-01,2025-12-31,5,Planned,Low,Manufacturing Team,Set up pendant production line 